English Province,Farsi Province,English City,Farsi City
Alborz,البرز,Asara,اسارا
Alborz,البرز,Chaharbagh,چهارباغ
Alborz,البرز,Eshtehard,اشتهارد
Alborz,البرز,Garmdarreh,گرمدره
Alborz,البرز,"Golsar, Seyfabad",گلسار
Alborz,البرز,Hashtgerd,هشتگرد
Alborz,البرز,Kamal Shahr,كمال شهر
Alborz,البرز,Karaj,کرج
Alborz,البرز,Kuhsar,كوهسار
Alborz,البرز,Mahdasht,ماهدشت
Alborz,البرز,Meshkin Dasht,مشكين دشت
Alborz,البرز,Mohammadshahr,محمدشهر
Alborz,البرز,Nazarabad,نظرآباد
Alborz,البرز,Shahr-e Jadid-e Hashtgerd,شهرجديدهشتگرد
Alborz,البرز,Taleqan,طالقان
Alborz,البرز,Tankaman,تنكمان
Ardabil,اردبیل,Abi Beyglu,آبي بيگلو
Ardabil,اردبیل,Anbaran,عنبران
Ardabil,اردبیل,Ardabil,اردبیل
Ardabil,اردبیل,Aslanduz,اصلاندوز
Ardabil,اردبیل,Bileh Savar,بيله سوار
Ardabil,اردبیل,Fakhrabad,فخراباد
Ardabil,اردبیل,Germi,گرمي
Ardabil,اردبیل,Kivi,گيوئ
Ardabil,اردبیل,Hashatjin,هشتجين
Ardabil,اردبیل,Hir,هير
Ardabil,اردبیل,Jafarabad,جعفرآباد
Ardabil,اردبیل,Khalkhal,خلخال
Ardabil,اردبیل,Kolowr,كلور
Ardabil,اردبیل,Kuraim,كوراييم
Ardabil,اردبیل,Lahrud,لاهرود
Ardabil,اردبیل,Meshgin Shahr,مشگين شهر
Ardabil,اردبیل,Moradlu,مرادلو
Ardabil,اردبیل,Namin,نمين
Ardabil,اردبیل,Nir,نير
Ardabil,اردبیل,Parsabad,پارس آباد
Ardabil,اردبیل,Razi,رضي
Ardabil,اردبیل,Sareyn,سرعين
Ardabil,اردبیل,Tazeh Kand,تازه كند
Ardabil,اردبیل,Tazeh Kand-e Anguti,تازه كندانگوت
West Azerbaijan,آذربایجان غربی,Avajiq,آواجيق
West Azerbaijan,آذربایجان غربی,Baruq,باروق
West Azerbaijan,آذربایجان غربی,Bazargan,بازرگان
West Azerbaijan,آذربایجان غربی,Bukan,بوكان
West Azerbaijan,آذربایجان غربی,Chaharborj,چهاربرج
West Azerbaijan,آذربایجان غربی,Dizaj-e Diz,ديزج ديز
West Azerbaijan,آذربایجان غربی,Firuraq,فيرورق
West Azerbaijan,آذربایجان غربی,Gerdkashaneh,گردكشانه
West Azerbaijan,آذربایجان غربی,Ivughli,ايواوغلي
West Azerbaijan,آذربایجان غربی,Keshavarz,كشاورز
West Azerbaijan,آذربایجان غربی,Khalifan,خليفان
West Azerbaijan,آذربایجان غربی,Khoy,خوی
West Azerbaijan,آذربایجان غربی,Mahabad,مهاباد
West Azerbaijan,آذربایجان غربی,Mahmudabad,محمودآباد
West Azerbaijan,آذربایجان غربی,Maku,ماكو
West Azerbaijan,آذربایجان غربی,Marganlar,مرگنلر
West Azerbaijan,آذربایجان غربی,Miandoab,مياندوآب
West Azerbaijan,آذربایجان غربی,Mirabad,ميرآباد
West Azerbaijan,آذربایجان غربی,Mohammadyar,محمديار
West Azerbaijan,آذربایجان غربی,Nalus,نالوس
West Azerbaijan,آذربایجان غربی,Naqadeh,نقده
West Azerbaijan,آذربایجان غربی,Nazk Liya,نازك عليا
West Azerbaijan,آذربایجان غربی,Nushin,نوشين
West Azerbaijan,آذربایجان غربی,Urmia,ارومیه
West Azerbaijan,آذربایجان غربی,Oshnavieh,اشنويه
West Azerbaijan,آذربایجان غربی,Piranshahr,پيرانشهر
West Azerbaijan,آذربایجان غربی,Poldasht,پلدشت
West Azerbaijan,آذربایجان غربی,Qarah Ziyaoddin,قره ضياڈالدين
West Azerbaijan,آذربایجان غربی,Qotur,قطور
West Azerbaijan,آذربایجان غربی,Qushchi,قوشچي
West Azerbaijan,آذربایجان غربی,Rabat,ربط
West Azerbaijan,آذربایجان غربی,Salmas,سلماس
West Azerbaijan,آذربایجان غربی,Sardasht,سردشت
West Azerbaijan,آذربایجان غربی,Serow,سرو
West Azerbaijan,آذربایجان غربی,Shahin Dezh,شاهين دژ
West Azerbaijan,آذربایجان غربی,Showt,شوط
West Azerbaijan,آذربایجان غربی,Siah Cheshmeh,سيه چشمه
West Azerbaijan,آذربایجان غربی,Silvaneh,سيلوانه
West Azerbaijan,آذربایجان غربی,Simmineh,سيمينه
West Azerbaijan,آذربایجان غربی,Takab,تكاب
West Azerbaijan,آذربایجان غربی,Tazeh Shahr,تازه شهر
West Azerbaijan,آذربایجان غربی,Zarabad,زرآباد
East Azerbaijan,آذربایجان شرقی,Abish Ahmad,آبش احمد
East Azerbaijan,آذربایجان شرقی,Ahar,اهر
East Azerbaijan,آذربایجان شرقی,Ajab Shir,عجب شير
East Azerbaijan,آذربایجان شرقی,Aqkand,آقكند
East Azerbaijan,آذربایجان شرقی,Azarshahr,آذرشهر
East Azerbaijan,آذربایجان شرقی,Bakhshayesh,بخشايش
East Azerbaijan,آذربایجان شرقی,Basmenj,باسمنج
East Azerbaijan,آذربایجان شرقی,"Benab-e Jadid, Benab Marand",بناب جديد
East Azerbaijan,آذربایجان شرقی,Bonab,بناب
East Azerbaijan,آذربایجان شرقی,Bostanabad,بستان آباد
East Azerbaijan,آذربایجان شرقی,Duzduzan,دوزدوزان
East Azerbaijan,آذربایجان شرقی,Gugan,گوگان
East Azerbaijan,آذربایجان شرقی,Hadishahr,هاديشهر
East Azerbaijan,آذربایجان شرقی,Hashtrud,هشترود
East Azerbaijan,آذربایجان شرقی,Heris,هريس
East Azerbaijan,آذربایجان شرقی,Hurand,هوراند
East Azerbaijan,آذربایجان شرقی,Ilkhchi,ايلخچي
East Azerbaijan,آذربایجان شرقی,Jolfa,جلفا
East Azerbaijan,آذربایجان شرقی,Kaleybar,كليبر
East Azerbaijan,آذربایجان شرقی,Khamaneh,خامنه
East Azerbaijan,آذربایجان شرقی,Kharaju,خداجو
East Azerbaijan,آذربایجان شرقی,Kharvana,خاروانا
East Azerbaijan,آذربایجان شرقی,Khomarlu,خمارلو
East Azerbaijan,آذربایجان شرقی,Khosrowshahr,خسروشهر
East Azerbaijan,آذربایجان شرقی,Khajeh,خواجه
East Azerbaijan,آذربایجان شرقی,Kolvanaq,كلوانق
East Azerbaijan,آذربایجان شرقی,Koshksaray,كشكسرائ
East Azerbaijan,آذربایجان شرقی,Kuzeh Kanan,كوزه كنان
East Azerbaijan,آذربایجان شرقی,Leylan,ليلان
East Azerbaijan,آذربایجان شرقی,Malekan,ملكان
East Azerbaijan,آذربایجان شرقی,Mamqan,ممقان
East Azerbaijan,آذربایجان شرقی,Maragheh,مراغه
East Azerbaijan,آذربایجان شرقی,Marand,مرند
East Azerbaijan,آذربایجان شرقی,Mehraban,مهربان
East Azerbaijan,آذربایجان شرقی,Meyaneh,ميانه
East Azerbaijan,آذربایجان شرقی,Nazarkahrizi,نظركهريزئ
East Azerbaijan,آذربایجان شرقی,Osku,اسكو
East Azerbaijan,آذربایجان شرقی,Qarah Aghaj,قره آغاج
East Azerbaijan,آذربایجان شرقی,Sahand,سهند
East Azerbaijan,آذربایجان شرقی,Sarab,سراب
East Azerbaijan,آذربایجان شرقی,Sardrud,سردرود
East Azerbaijan,آذربایجان شرقی,Shabestar,شبستر
East Azerbaijan,آذربایجان شرقی,Sharabian,شربيان
East Azerbaijan,آذربایجان شرقی,Sharafkhaneh,شرفخانه
East Azerbaijan,آذربایجان شرقی,Shendabad,شندآباد
East Azerbaijan,آذربایجان شرقی,Siah Rud,سيه رود
East Azerbaijan,آذربایجان شرقی,Sis,سيس
East Azerbaijan,آذربایجان شرقی,Sufian,صوفيان
East Azerbaijan,آذربایجان شرقی,Tabriz,تبریز
East Azerbaijan,آذربایجان شرقی,Tark,ترك
East Azerbaijan,آذربایجان شرقی,Tasuj,تسوج
East Azerbaijan,آذربایجان شرقی,Tekmeh Dash,تيكمه داش
East Azerbaijan,آذربایجان شرقی,Torkamanchay,تركمانچائ
East Azerbaijan,آذربایجان شرقی,Varzaqan,ورزقان
East Azerbaijan,آذربایجان شرقی,Vayqan,وايقان
East Azerbaijan,آذربایجان شرقی,Yamchi,يامچي
East Azerbaijan,آذربایجان شرقی,Zarnaq,زرنق
East Azerbaijan,آذربایجان شرقی,Zonuz,زنوز
Bushehr,بوشهر,Abdan,آبدان
Bushehr,بوشهر,Ab Pakhsh,آب پخش
Bushehr,بوشهر,Ahram,اهرم
Bushehr,بوشهر,Anarestan,انارستان
Bushehr,بوشهر,Asaluyeh,عسلويه
Bushehr,بوشهر,Bandar-e Deylam,بندرديلم
Bushehr,بوشهر,Bandar-e Deyr,بندردير
Bushehr,بوشهر,Bandar-e Ganaveh,بندرگناوه
Bushehr,بوشهر,Bandar-e Kangan,بندركنگان
Bushehr,بوشهر,Bandar-e Rig,بندرريگ
Bushehr,بوشهر,Bank,بنك
Bushehr,بوشهر,Bardestan,بردستان
Bushehr,بوشهر,Borazjan,برازجان
Bushehr,بوشهر,Bordkhun,بردخون
Bushehr,بوشهر,Bushehr,بوشهر
Bushehr,بوشهر,Choghadak,چغادك
Bushehr,بوشهر,Dalaki,دالكي
Bushehr,بوشهر,Delvar,دلوار
Bushehr,بوشهر,Imam Hassan,امام حسن
Bushehr,بوشهر,Jam,جم
Bushehr,بوشهر,Kaki,كاكي
Bushehr,بوشهر,Kalameh,كلمه
Bushehr,بوشهر,Kharg,خارك
Bushehr,بوشهر,Khvormuj,خورموج
Bushehr,بوشهر,Nakhl-e Taqi,نخل تقي
Bushehr,بوشهر,Riz,ريز
Bushehr,بوشهر,Sadabad,سعد آباد
Bushehr,بوشهر,Shabankareh,شبانكاره
Bushehr,بوشهر,Shonbeh,شنبه
Bushehr,بوشهر,Siraf,سيراف
Bushehr,بوشهر,Tang-e Eram,تنگ ارم
Bushehr,بوشهر,Vahdatiyeh,وحدتيه
Chaharmahal and Bakhtiari,چهار محال و بختیاری,Aluni,آلوني
Chaharmahal and Bakhtiari,چهار محال و بختیاری,Ardal,اردل
Chaharmahal and Bakhtiari,چهار محال و بختیاری,Babaheydar,باباحيدر
Chaharmahal and Bakhtiari,چهار محال و بختیاری,Ben,بن
Chaharmahal and Bakhtiari,چهار محال و بختیاری,Boldaji,بلداجي
Chaharmahal and Bakhtiari,چهار محال و بختیاری,Borujen,بروجن
Chaharmahal and Bakhtiari,چهار محال و بختیاری,Chelgard,چلگرد
Chaharmahal and Bakhtiari,چهار محال و بختیاری,Dastana,دستنا
Chaharmahal and Bakhtiari,چهار محال و بختیاری,Faradonbeh,فرادنبه
Chaharmahal and Bakhtiari,چهار محال و بختیاری,Farrokh Shahr,فرخ شهر
Chaharmahal and Bakhtiari,چهار محال و بختیاری,Farsan,فارسان
Chaharmahal and Bakhtiari,چهار محال و بختیاری,Gahru,گهرو
Chaharmahal and Bakhtiari,چهار محال و بختیاری,Gandoman,گندمان
Chaharmahal and Bakhtiari,چهار محال و بختیاری,Hafshejan,هفشجان
Chaharmahal and Bakhtiari,چهار محال و بختیاری,Junqan,جونقان
Chaharmahal and Bakhtiari,چهار محال و بختیاری,Kian,كيان
Chaharmahal and Bakhtiari,چهار محال و بختیاری,ordegan,لردگان
Chaharmahal and Bakhtiari,چهار محال و بختیاری,Mal-e Khalifeh,مال خليفه
Chaharmahal and Bakhtiari,چهار محال و بختیاری,Manj,منج
Chaharmahal and Bakhtiari,چهار محال و بختیاری,Nafech,نافچ
Chaharmahal and Bakhtiari,چهار محال و بختیاری,Naghan,ناغان
Chaharmahal and Bakhtiari,چهار محال و بختیاری,Naqneh,نقنه
Chaharmahal and Bakhtiari,چهار محال و بختیاری,Pardanjan,پردنجان
Chaharmahal and Bakhtiari,چهار محال و بختیاری,Saman,سامان
Chaharmahal and Bakhtiari,چهار محال و بختیاری,Sefiddasht,سفيددشت
Chaharmahal and Bakhtiari,چهار محال و بختیاری,Shahr-e Kord,شهركرد
Chaharmahal and Bakhtiari,چهار محال و بختیاری,Shalamzar,شلمزار
Chaharmahal and Bakhtiari,چهار محال و بختیاری,Sudjan,سودجان
Chaharmahal and Bakhtiari,چهار محال و بختیاری,Sureshjan,سورشجان
Chaharmahal and Bakhtiari,چهار محال و بختیاری,Taqanak,طاقانك
Chaharmahal and Bakhtiari,چهار محال و بختیاری,Vardanjan,وردنجان
Isfahan,اصفهان,Abrisham,ابريشم
Isfahan,اصفهان,Abuzeydabad,ابوزيدآباد
Isfahan,اصفهان,Afus,افوس
Isfahan,اصفهان,Alavicheh,علويجه
Isfahan,اصفهان,Anarak,انارك
Isfahan,اصفهان,Aran & Bidgol,آران وبيدگل
Isfahan,اصفهان,Ardestan,اردستان
Isfahan,اصفهان,Asgaran,عسگران
Isfahan,اصفهان,Badrud,بادرود
Isfahan,اصفهان,Bafran,بافران
Isfahan,اصفهان,Bagh-e Bahadoran,باغ بهادران
Isfahan,اصفهان,Baharan Shahr,بهاران شهر
Isfahan,اصفهان,Baharestan,بهارستان
Isfahan,اصفهان,Barf Anbar,برف انبار
Isfahan,اصفهان,Barzok,برزك
Isfahan,اصفهان,Buin & Miandasht,بوئين ومياندشت
Isfahan,اصفهان,Chadegan,چادگان
Isfahan,اصفهان,Chamgardan,چمگردان
Isfahan,اصفهان,Charmahin,چرمهين
Isfahan,اصفهان,Damaneh,دامنه
Isfahan,اصفهان,Daran,داران
Isfahan,اصفهان,Dastgerd,دستگرد
Isfahan,اصفهان,Dehaq,دهق
Isfahan,اصفهان,Dehaqan,دهاقان
Isfahan,اصفهان,Dizicheh,ديزيچه
Isfahan,اصفهان,Dorcheh Piaz,درچه پياز
Isfahan,اصفهان,Dowlatabad,دولت آباد
Isfahan,اصفهان,Isfahan,اصفهان
Isfahan,اصفهان,Ezhiyeh,اژيه
Isfahan,اصفهان,Falavarjan,فلاورجان
Isfahan,اصفهان,Farakhi,فرخي
Isfahan,اصفهان,Fereydunshahr,فريدونشهر
Isfahan,اصفهان,Fuladshahr,فولادشهر
Isfahan,اصفهان,Gaz,گز
Isfahan,اصفهان,Goldasht,گلدشت
Isfahan,اصفهان,Golpayegan,گلپايگان
Isfahan,اصفهان,Golshahr,گلشهر
Isfahan,اصفهان,Golshan,گلشن
Isfahan,اصفهان,Gorgab,گرگاب
Isfahan,اصفهان,Guged,گوگد
Isfahan,اصفهان,Habibabad,حبيب آباد
Isfahan,اصفهان,Hana,حنا
Isfahan,اصفهان,Harand,هرند
Isfahan,اصفهان,Hasanabad,حسن اباد
Isfahan,اصفهان,Imanshahr,ايمانشهر
Isfahan,اصفهان,Jandaq,جندق
Isfahan,اصفهان,Jowsheqan & Kamu,جوشقان وكامو
Isfahan,اصفهان,Jowzdan,جوزدان
Isfahan,اصفهان,Kahrizsang,كهريزسنگ
Isfahan,اصفهان,Karkevand,كركوند
Isfahan,اصفهان,Kashan,كاشان
Isfahan,اصفهان,Kelishad & Sudarjan,کلیشاد و سودرجان
Isfahan,اصفهان,Khaledabad,خالدآباد
Isfahan,اصفهان,Khomeynishahr,خمینی‌شهر
Isfahan,اصفهان,Khur,خور
Isfahan,اصفهان,Khvorasgan,خوراسگان
Isfahan,اصفهان,Khvansar,خوانسار
Isfahan,اصفهان,Khvorzuq,خورزوق
Isfahan,اصفهان,Komeh,كمه
Isfahan,اصفهان,Komeshcheh,كمشجه
Isfahan,اصفهان,Kuhpayeh,كوهپايه
Isfahan,اصفهان,Kushk,كوشك
Isfahan,اصفهان,Laybid,لائ بيد
Isfahan,اصفهان,Mahabad,مهاباد
Isfahan,اصفهان,Majlisi,مجلسي
Isfahan,اصفهان,Manzariyeh,منظريه
Isfahan,اصفهان,Meshkat,مشكات
Isfahan,اصفهان,Meymeh,ميمه
Isfahan,اصفهان,Mobarakeh,مباركه
Isfahan,اصفهان,Mohammadabad,محمدآباد
Isfahan,اصفهان,Naeen,نائين
Isfahan,اصفهان,Najafabad,نجف آباد
Isfahan,اصفهان,Nasrabad,نصرآباد
Isfahan,اصفهان,Natanz,نطنز
Isfahan,اصفهان,Neyasar,نياسر
Isfahan,اصفهان,Nikabad,نيك آباد
Isfahan,اصفهان,Nushabad,نوش آباد
Isfahan,اصفهان,Pirbakran,پيربكران
Isfahan,اصفهان,Qahderijan,قهدريجان
Isfahan,اصفهان,Qahjaverestan,قهجاورستان
Isfahan,اصفهان,Qamsar,قمصر
Isfahan,اصفهان,Rezvanshahr,رضوانشهر
Isfahan,اصفهان,Rozveh,رزوه
Isfahan,اصفهان,Sedeh-ye Lenjan,سده لنجان
Isfahan,اصفهان,Sefidshahr,سفيدشهر
Isfahan,اصفهان,Sejzi,سگزئ
Isfahan,اصفهان,Semirom,سميرم
Isfahan,اصفهان,Shahin Shahr,شاهين شهر
Isfahan,اصفهان,Shahreza,شهرضا
Isfahan,اصفهان,Shahpurabad,شاپورآباد
Isfahan,اصفهان,Talkhovncheh,طالخونچه
Isfahan,اصفهان,Tiran,تيران
Isfahan,اصفهان,Tudeshg,تودشك
Isfahan,اصفهان,Vanak,ونك
Isfahan,اصفهان,Varnamkhast,ورنامخواست
Isfahan,اصفهان,Varzaneh,ورزنه
Isfahan,اصفهان,Vazvan,وزوان
Isfahan,اصفهان,Zarrin Shahr,زرين شهر
Isfahan,اصفهان,Zavareh,زواره
Fars,فارس,Abadeh,آباده
Fars,فارس,Abadeh Tashk,آباده طشك
Fars,فارس,Ahel,اهل
Fars,فارس,Alamarvdasht,علامرودشت
Fars,فارس,Ardakan,اردكان
Fars,فارس,Arsanjan,ارسنجان
Fars,فارس,Asir,اسير
Fars,فارس,Bab Anar,باب انار
Fars,فارس,Bahman,بهمن
Fars,فارس,Baladeh,بالاده
Fars,فارس,"Bavanat, Surian",بوانات
Fars,فارس,Beyram,بيرم
Fars,فارس,Beyza,بيضا
Fars,فارس,Banaruiyeh,بنارويه
Fars,فارس,Dowbaran,دبيران
Fars,فارس,Darab,داراب
Fars,فارس,Darian,داريان
Fars,فارس,Dehram,دهرم
Fars,فارس,Dozhkord,دژكرد
Fars,فارس,Doborji,دوبرجي
Fars,فارس,Duzeh,دوزه
Fars,فارس,Efzar,افزر
Fars,فارس,Emadadeh,عمادده
Fars,فارس,Eqlid,اقليد
Fars,فارس,Eshkanan,اشكنان
Fars,فارس,Estahban,استهبان
Fars,فارس,Evaz,اوز
Fars,فارس,Fadami,فدامي
Fars,فارس,Farashband,فراشبند
Fars,فارس,Fasa,فسا
Fars,فارس,Firuzabad,فيروزآباد
Fars,فارس,Galleh Dar,گله دار
Fars,فارس,Gerash,گراش
Fars,فارس,Hajjiabad,حاجي آباد
Fars,فارس,Hamashahr,هماشهر
Fars,فارس,Hasanabad,حسن اباد
Fars,فارس,Hesami,حسامي
Fars,فارس,Ij,ايج
Fars,فارس,Imam Shahr,امام شهر
Fars,فارس,Izadkhvast,ايزدخواست
Fars,فارس,Jahrom,جهرم
Fars,فارس,Jannat Shahr,جنت شهر
Fars,فارس,Juyom,جويم
Fars,فارس,Kamfiruz,كامفيروز
Fars,فارس,Karzin,كارزين
Fars,فارس,Kavar,كوار
Fars,فارس,Kazerun,كازرون
Fars,فارس,Khaneh Zeniyan,خانه زنيان
Fars,فارس,Kharameh,خرامه
Fars,فارس,Khavaran,خاوران
Fars,فارس,Khesht,خشت
Fars,فارس,Khonj,خنج
Fars,فارس,Khumeh Zar,خومه زار
Fars,فارس,Khur,خور
Fars,فارس,Konartakhteh,كنارتخته
Fars,فارس,Kerehi,كره ائ
Fars,فارس,Kuhanjan,كوهنجان
Fars,فارس,Lamerd,لامرد
Fars,فارس,Lapui,لپوئي
Fars,فارس,Lar,لار
Fars,فارس,Latifi,لطيفي
Fars,فارس,Marvdasht,مرودشت
Fars,فارس,Masiri,مصيرئ
Fars,فارس,Meshkan,مشكان
Fars,فارس,Meymand,ميمند
Fars,فارس,Mobarakabad,مبارك آباد
Fars,فارس,Mohr,مهر
Fars,فارس,Neyriz,نی‌ریز
Fars,فارس,Nowbandegan,نوبندگان
Fars,فارس,Nowdan,نودان
Fars,فارس,Nujin,نوجين
Fars,فارس,Nurabad,نورآباد
Fars,فارس,Qaderabad,قادراباد
Fars,فارس,Qaemiyeh,قائميه
Fars,فارس,Qatruyeh,قطرويه
Fars,فارس,Qir,قير
Fars,فارس,Qotbabad,قطب آباد
Fars,فارس,Ramjerd,رامجرد
Fars,فارس,Roniz,رونيز
Fars,فارس,Saadat Shahr,سعادت شهر
Fars,فارس,Safashahr,صفاشهر
Fars,فارس,Sarvestan,سروستان
Fars,فارس,Sedeh,سده
Fars,فارس,Seyyedan,سيدان
Fars,فارس,Sadra New Town,شهر جدید صدرا
Fars,فارس,Shahr-e Pir,شهرپير
Fars,فارس,Sheshdeh,ششده
Fars,فارس,Shiraz,شیراز
Fars,فارس,Soghad,صغاد
Fars,فارس,Surmaq,سورمق
Fars,فارس,Varavi,وراوئ
Fars,فارس,Zahedshahr,زاهدشهر
Fars,فارس,Zarqan,زرقان
Gilan,گيلان,Ahmadsargurab,احمدسرگوراب
Gilan,گيلان,Amlash,املش
Gilan,گيلان,Asalem,اسالم
Gilan,گيلان,Astaneh-ye Ashrafiyeh,آستانه اشرفيه
Gilan,گيلان,Astara,آستارا
Gilan,گيلان,Bandar-e Anzali,بندر انزلی
Gilan,گيلان,Bareh Sar,بره سر
Gilan,گيلان,Bazar Jomeh,بازار جمعه
Gilan,گيلان,Chaboksar,چابكسر
Gilan,گيلان,Chaf & Chamkhaleh,چاف و چمخاله
Gilan,گيلان,Chubar,چوبر
Gilan,گيلان,Deylaman,ديلمان
Gilan,گيلان,Fuman,فومن
Gilan,گيلان,Gurab Zarmikh,گوراب زرميخ
Gilan,گيلان,Hashtpar,هشتپر
Gilan,گيلان,Haviq,حويق
Gilan,گيلان,Jirandeh,جيرنده
Gilan,گيلان,Kelachay,كلاچائ
Gilan,گيلان,Khomam,خمام
Gilan,گيلان,Khoshk-e Bijar,خشكبيجار
Gilan,گيلان,Kiashahr,كياشهر
Gilan,گيلان,Kuchesfahan,كوچصفهان
Gilan,گيلان,Kumeleh,كومله
Gilan,گيلان,Lahijan,لاهيجان
Gilan,گيلان,Langarud,لنگرود
Gilan,گيلان,Lasht-e Nesha,لشت نشإ
Gilan,گيلان,Lavandevil,لوندويل
Gilan,گيلان,Lisar,ليسار
Gilan,گيلان,Luleman,لولمان
Gilan,گيلان,Lowshan,لوشان
Gilan,گيلان,Manjil,منجيل
Gilan,گيلان,Marjaghal,مرجقل
Gilan,گيلان,Masal,ماسال
Gilan,گيلان,Masuleh,ماسوله
Gilan,گيلان,Otaqvar,اطاقور
Gilan,گيلان,Pareh Sar,پره سر
Gilan,گيلان,Rahimabad,رحيم آباد
Gilan,گيلان,Rankuh,رانكوه
Gilan,گيلان,Rasht,رشت
Gilan,گيلان,Rezvanshahr,رضوانشهر
Gilan,گيلان,Rostamabad,رستم آباد
Gilan,گيلان,Rudbar,رودبار
Gilan,گيلان,Rudboneh,رودبنه
Gilan,گيلان,Rudsar,رودسر
Gilan,گيلان,Sangar,سنگر
Gilan,گيلان,Shaft,شفت
Gilan,گيلان,Shalman,شلمان
Gilan,گيلان,Siahkal,سياهكل
Gilan,گيلان,Sowme'eh Sara,صومعه سرا
Gilan,گيلان,Tutkabon,توتكابن
Gilan,گيلان,Vajargah,واجارگاه
Golestan,گلستان,Aliabad,علي اباد
Golestan,گلستان,Anbar Olum,انبارآلوم
Golestan,گلستان,Aqqala,آق قلا
Golestan,گلستان,Azadshahr,آزادشهر
Golestan,گلستان,Bandar-e Gaz,بندرگز
Golestan,گلستان,Bandar-e Torkaman ,بندرتركمن
Golestan,گلستان,Daland,دلند
Golestan,گلستان,Fazelabad,فاضل آباد
Golestan,گلستان,Galikash,گاليكش
Golestan,گلستان,Gomish Tappeh,گميش تپه
Golestan,گلستان,Gonbad-e Qabus,گنبدكاووس
Golestan,گلستان,Gorgan,گرگان
Golestan,گلستان,Incheh Borun,اينچه برون
Golestan,گلستان,Jelin,جلين
Golestan,گلستان,Kalaleh,كلاله
Golestan,گلستان,Khan Bebin,خان ببين
Golestan,گلستان,Kordkuy,کردکوی
Golestan,گلستان,Maraveh,مراوه
Golestan,گلستان,Minudasht,مينودشت
Golestan,گلستان,Negin Shahr,نگين شهر
Golestan,گلستان,Nowdeh Khanduz,نوده خاندوز
Golestan,گلستان,Nowkandeh,نوكنده
Golestan,گلستان,Ramian,راميان
Golestan,گلستان,Sarkhonkalateh,سرخنكلاته
Golestan,گلستان,Simin Shahr,سيمين شهر
Hamadan,همدان,Asadabad,اسدآباد
Hamadan,همدان,Azandarian,ازندريان
Hamadan,همدان,Bahar,بهار
Hamadan,همدان,Barzul,برزول
Hamadan,همدان,Damaq,دمق
Hamadan,همدان,Famenin,فامنين
Hamadan,همدان,Farasfaj,فرسفج
Hamadan,همدان,Firuzan,فيروزان
Hamadan,همدان,Giyan,گيان
Hamadan,همدان,Gol Tappeh,گل تپه
Hamadan,همدان,Hamadan,همدان
Hamadan,همدان,Jowkar,جوكار
Hamadan,همدان,Juraqan,جورقان
Hamadan,همدان,Kabudarahang,كبودراهنگ
Hamadan,همدان,Lalejin,لالجين
Hamadan,همدان,Malayer,ملاير
Hamadan,همدان,Maryanaj,مريانج
Hamadan,همدان,Nahavand,نهاوند
Hamadan,همدان,Qahavand,قهاوند
Hamadan,همدان,Qorveh-e Darjazin,قروه درجزين
Hamadan,همدان,Razan,رزن
Hamadan,همدان,Salehabad,صالح آباد
Hamadan,همدان,Samen,سامن
Hamadan,همدان,Sarkan,سركان
Hamadan,همدان,Shirin Su,شيرين سو
Hamadan,همدان,Tuyserkan,تويسركان
Hamadan,همدان,Zangeneh,زنگنه
Hormozgan,هرمزگان,Abu Musa,ابوموسي
Hormozgan,هرمزگان,Bandar-e Abbas,بندرعباس
Hormozgan,هرمزگان,Bandar-e Jask,بندرجاسك
Hormozgan,هرمزگان,Bandar-e Lengeh,بندرلنگه
Hormozgan,هرمزگان,Bastak,بستك
Hormozgan,هرمزگان,Bika,بيكا
Hormozgan,هرمزگان,Bandar-e Charak,چارك
Hormozgan,هرمزگان,Dargahan,درگهان
Hormozgan,هرمزگان,Dehbarez,دهبارز
Hormozgan,هرمزگان,Fareghan,فارغان
Hormozgan,هرمزگان,Fin,فين
Hormozgan,هرمزگان,Gowharan,گوهران
Hormozgan,هرمزگان,Hajjiabad,حاجى اباد
Hormozgan,هرمزگان,Hashtbandi,هشتبندئ
Hormozgan,هرمزگان,Hormuz,هرمز
Hormozgan,هرمزگان,Jenah,جناح
Hormozgan,هرمزگان,Bandar Khamir,خمير
Hormozgan,هرمزگان,Kish,كيش
Hormozgan,هرمزگان,Kong,كنگ
Hormozgan,هرمزگان,Kushk-e Nar,كوشكنار
Hormozgan,هرمزگان,Minab,ميناب
Hormozgan,هرمزگان,Parsian,پارسيان
Hormozgan,هرمزگان,Qaleh Qazi,قلعه قاضي
Hormozgan,هرمزگان,Qeshm,قشم
Hormozgan,هرمزگان,Ruydar,رويدر
Hormozgan,هرمزگان,Sardasht,سردشت
Hormozgan,هرمزگان,Sargaz,سرگز
Hormozgan,هرمزگان,Senderk,سندرك
Hormozgan,هرمزگان,Sirik,سيريك
Hormozgan,هرمزگان,Suza,سوزا
Hormozgan,هرمزگان,Takht,تخت
Hormozgan,هرمزگان,Ziarat-e Ali,زيارتعلي
Ilam,ایلام,Abdanan,آبدانان
Ilam,ایلام,Arakvaz,اركواز
Ilam,ایلام,Asemanabad,آسمان آباد
Ilam,ایلام,Badreh,بدره
Ilam,ایلام,Chavar,چوار
Ilam,ایلام,Darreh Shahr,دره شهر
Ilam,ایلام,Dehloran,دهلران
Ilam,ایلام,Delgosha,دلگشا
Ilam,ایلام,Eyvan,ايوان
Ilam,ایلام,Ilam,ايلام
Ilam,ایلام,Lumar,لومار
Ilam,ایلام,Mehran,مهران
Ilam,ایلام,Meymeh,ميمه
Ilam,ایلام,Murmuri,مورمورئ
Ilam,ایلام,Musian,موسيان
Ilam,ایلام,Pahleh,پهله
Ilam,ایلام,Salehabad,صالح آباد
Ilam,ایلام,Sarabbagh,سراب باغ
Ilam,ایلام,Sarableh,سرابله
Ilam,ایلام,Towhid,توحيد
Ilam,ایلام,Zarneh,زرنه
Kerman,کرمان,Amin Shahr,امين شهر
Kerman,کرمان,Anar,انار
Kerman,کرمان,Anbarabad,عنبرآباد
Kerman,کرمان,Anduhjerd,اندوهجرد
Kerman,کرمان,Arzuiy,ارزوئيه
Kerman,کرمان,Baft,بافت
Kerman,کرمان,Baghin,باغين
Kerman,کرمان,Bahreman,بهرمان
Kerman,کرمان,Bam,بم
Kerman,کرمان,Baravat,بروات
Kerman,کرمان,Bardsir,بردسير
Kerman,کرمان,Bezenjan,بزنجان
Kerman,کرمان,Chatrud,چترود
Kerman,کرمان,Darb-e Behesht,درب بهشت
Kerman,کرمان,Dehaj,دهج
Kerman,کرمان,Dowsari,دوساري
Kerman,کرمان,Ekhtiarabad,اختيارآباد
Kerman,کرمان,Fahraj,فهرج
Kerman,کرمان,Faryab,فارياب
Kerman,کرمان,Golbaf,گلباف
Kerman,کرمان,Golzar,گلزار
Kerman,کرمان,Hojedk,هجدك
Kerman,کرمان,Hamashahr,هماشهر
Kerman,کرمان,Jebalbarez,جبالبارز
Kerman,کرمان,Jiroft,جيرفت
Kerman,کرمان,Jowzam,جوزم
Kerman,کرمان,Jupar,جوپار
Kerman,کرمان,Kahnuj,كهنوج
Kerman,کرمان,Kazemabad,كاظم آباد
Kerman,کرمان,Kerman,کرمان
Kerman,کرمان,Khanuk,خانوك
Kerman,کرمان,Khatunabad,خاتون اباد
Kerman,کرمان,Khursand,خورسند
Kerman,کرمان,Kianshahr,كيانشهر
Kerman,کرمان,Koshkuiyeh,كشكوئيه
Kerman,کرمان,Kuhbanan,كوهبنان
Kerman,کرمان,Lalehzar,لاله زار
Kerman,کرمان,Mahan,ماهان
Kerman,کرمان,Manujan,منوجان
Kerman,کرمان,Mardehek,مردهك
Kerman,کرمان,Mes-e Sarcheshmeh,مس سرچشمه
Kerman,کرمان,Mohammadabad,محمدآباد
Kerman,کرمان,Mohiabad,محي آباد
Kerman,کرمان,Najaf Shahr,نجف شهر
Kerman,کرمان,Narmashir,نرماشير
Kerman,کرمان,Negar,نگار
Kerman,کرمان,Nezam Shahr,نظام شهر
Kerman,کرمان,Nowdezh,نودژ
Kerman,کرمان,Pariz,پاريز
Kerman,کرمان,Qaleh Ganj,قلعه گنج
Kerman,کرمان,Rabor,رابر
Kerman,کرمان,Rafsanjan,رفسنجان
Kerman,کرمان,Ravar,راور
Kerman,کرمان,Rayen,راين
Kerman,کرمان,Reyhan Shahr,ريحان
Kerman,کرمان,Rudbar,رودبار
Kerman,کرمان,Safayyeh,صفائيه
Kerman,کرمان,Shahdad,شهداد
Kerman,کرمان,Shahr-e Babak,شهربابك
Kerman,کرمان,Sirjan,سیرجان
Kerman,کرمان,Yazdan Shahr,يزدان شهر
Kerman,کرمان,Zangiabad,زنگي آباد
Kerman,کرمان,Zarand,زرند
Kerman,کرمان,Zeydabad,زيدآباد
Kermanshah,کرمانشاه,Bayangan,باينگان
Kermanshah,کرمانشاه,Bisotun,بيستون
Kermanshah,کرمانشاه,Eslamabad-e Gharb,اسلام آبادغرب
Kermanshah,کرمانشاه,Gahvareh,گهواره
Kermanshah,کرمانشاه,Gilan-e Gharb,گيلانغرب
Kermanshah,کرمانشاه,Halashi,هلشي
Kermanshah,کرمانشاه,Harsin,هرسين
Kermanshah,کرمانشاه,Homeyl,حميل
Kermanshah,کرمانشاه,Javanrud,جوانرود
Kermanshah,کرمانشاه,Kangavar,كنگاور
Kermanshah,کرمانشاه,Kerend,كرند
Kermanshah,کرمانشاه,Kermanshah,کرمانشاه
Kermanshah,کرمانشاه,Kuzaran,كوزران
Kermanshah,کرمانشاه,Mian Rahan,ميان راهان
Kermanshah,کرمانشاه,Nowdeshah,نودشه
Kermanshah,کرمانشاه,Nowsud,نوسود
Kermanshah,کرمانشاه,Ozgoleh,ازگله
Kermanshah,کرمانشاه,Paveh,پاوه
Kermanshah,کرمانشاه,Qasr-e Shirin,قصرشيرين
Kermanshah,کرمانشاه,Ravansar,روانسر
Kermanshah,کرمانشاه,Robat,رباط
Kermanshah,کرمانشاه,Sahneh,صحنه
Kermanshah,کرمانشاه,Sarpol-e Zahab,سرپل ذهاب
Kermanshah,کرمانشاه,Sarmast,سرمست
Kermanshah,کرمانشاه,Satar,سطر
Kermanshah,کرمانشاه,Shahu,شاهو
Kermanshah,کرمانشاه,Sonqor,سنقر
Kermanshah,کرمانشاه,Sumar,سومار
Kermanshah,کرمانشاه,Tazehabad,تازه آباد
South Khorasan,خراسان جنوبی,Arian Shahr,آرين شهر
South Khorasan,خراسان جنوبی,Asadiyeh,اسديه
South Khorasan,خراسان جنوبی,Ayask,آيسك
South Khorasan,خراسان جنوبی,Birjand,بیرجند
South Khorasan,خراسان جنوبی,Boshruyeh,بشرويه
South Khorasan,خراسان جنوبی,Deyhuk,ديهوك
South Khorasan,خراسان جنوبی,Eresk,ارسك
South Khorasan,خراسان جنوبی,Esfeden,اسفدن
South Khorasan,خراسان جنوبی,Eshqabad,عشق آباد
South Khorasan,خراسان جنوبی,Eslamiyeh,اسلاميه
South Khorasan,خراسان جنوبی,Ferdows,فردوس
South Khorasan,خراسان جنوبی,Gazik,گزيك
South Khorasan,خراسان جنوبی,Hajjiabad,حاجي آباد
South Khorasan,خراسان جنوبی,Khezri-ye Dasht-e Beyaz,خضرئ دشت بياض
South Khorasan,خراسان جنوبی,Khusf,خوسف
South Khorasan,خراسان جنوبی,Mohammadshahr,محمدشهر
South Khorasan,خراسان جنوبی,Mud,مود
South Khorasan,خراسان جنوبی,Nehbandan,نهبندان
South Khorasan,خراسان جنوبی,Nimbeluk,نيمبلوك
South Khorasan,خراسان جنوبی,Qaen,قائن
South Khorasan,خراسان جنوبی,Qohestan,قهستان
South Khorasan,خراسان جنوبی,Sarayan,سرايان
South Khorasan,خراسان جنوبی,Sarbisheh,سربيشه
South Khorasan,خراسان جنوبی,Seh Qaleh,سه قلعه
South Khorasan,خراسان جنوبی,Shusef,شوسف
South Khorasan,خراسان جنوبی,Tabas,طبس
South Khorasan,خراسان جنوبی,Tabas-e Masina,طبس مسينا
South Khorasan,خراسان جنوبی,Zohan,زهان
Razavi Khorasan,خراسان رضوی,Ahmadabad-e Sowlat,احمدابادصولت
Razavi Khorasan,خراسان رضوی,Anabad,انابد
Razavi Khorasan,خراسان رضوی,Bajestan,بجستان
Razavi Khorasan,خراسان رضوی,Bajgiran,باجگيران
Razavi Khorasan,خراسان رضوی,Bakharz,باخرز
Razavi Khorasan,خراسان رضوی,Bar,بار
Razavi Khorasan,خراسان رضوی,Bardaskan,بردسكن
Razavi Khorasan,خراسان رضوی,Bayg,بايك
Razavi Khorasan,خراسان رضوی,Bidokht,بيدخت
Razavi Khorasan,خراسان رضوی,Chapeshlu,چاپشلو
Razavi Khorasan,خراسان رضوی,Chekneh,چكنه
Razavi Khorasan,خراسان رضوی,Chenaran,چناران
Razavi Khorasan,خراسان رضوی,Dargaz,درگز
Razavi Khorasan,خراسان رضوی,Darrud,درود
Razavi Khorasan,خراسان رضوی,Davarzan,داورزن
Razavi Khorasan,خراسان رضوی,Dowlatabad,دولت آباد
Razavi Khorasan,خراسان رضوی,Eshqabad,عشق آباد
Razavi Khorasan,خراسان رضوی,Farhadgerd,فرهادگرد
Razavi Khorasan,خراسان رضوی,Fariman,فريمان
Razavi Khorasan,خراسان رضوی,Feyzabad,فيض آباد
Razavi Khorasan,خراسان رضوی,Firuzeh,فيروزه
Razavi Khorasan,خراسان رضوی,Golmakan,گلمكان
Razavi Khorasan,خراسان رضوی,Gonabad,گناباد
Razavi Khorasan,خراسان رضوی,Hemmatabad,همت آباد
Razavi Khorasan,خراسان رضوی,Jangal,جنگل
Razavi Khorasan,خراسان رضوی,Joghatai,جغتائ
Razavi Khorasan,خراسان رضوی,Kadkan,كدكن
Razavi Khorasan,خراسان رضوی,Kakhk,كاخك
Razavi Khorasan,خراسان رضوی,Kalat,كلات
Razavi Khorasan,خراسان رضوی,Kariz,كاريز
Razavi Khorasan,خراسان رضوی,Kashmar,كاشمر
Razavi Khorasan,خراسان رضوی,Khalilabad,خليل آباد
Razavi Khorasan,خراسان رضوی,Kharv,خرو
Razavi Khorasan,خراسان رضوی,Khvaf,خواف
Razavi Khorasan,خراسان رضوی,Kondor,كندر
Razavi Khorasan,خراسان رضوی,Lotfabad,لطف آباد
Razavi Khorasan,خراسان رضوی,Malekabad,ملك آباد
Razavi Khorasan,خراسان رضوی,Meshed,مشهد
Razavi Khorasan,خراسان رضوی,Mashhadrizeh,مشهدريزه
Razavi Khorasan,خراسان رضوی,Mashhad Taman,مشهد ثامن
Razavi Khorasan,خراسان رضوی,Mazdavand,مزدآوند
Razavi Khorasan,خراسان رضوی,Nashtifan,نشتيفان
Razavi Khorasan,خراسان رضوی,Nasrabad,نصرآباد
Razavi Khorasan,خراسان رضوی,Neqab,نقاب
Razavi Khorasan,خراسان رضوی,Neyshabur,نيشابور
Razavi Khorasan,خراسان رضوی,Nil Shahr,نيل شهر
Razavi Khorasan,خراسان رضوی,Nowkhandan,نوخندان
Razavi Khorasan,خراسان رضوی,Qadamgah,قدمگاه
Razavi Khorasan,خراسان رضوی,Qalandarabad,قلندرآباد
Razavi Khorasan,خراسان رضوی,Qasemabad,قاسم آباد
Razavi Khorasan,خراسان رضوی,Quchan,قوچان
Razavi Khorasan,خراسان رضوی,Rashtkvhar,رشتخوار
Razavi Khorasan,خراسان رضوی,Razaviyeh,رضويه
Razavi Khorasan,خراسان رضوی,Rivash,ريوش
Razavi Khorasan,خراسان رضوی,Robat-e Sang,رباطسنگ
Razavi Khorasan,خراسان رضوی,Rudab,روداب
Razavi Khorasan,خراسان رضوی,Sabzevar,سبزوار
Razavi Khorasan,خراسان رضوی,Salami,سلامي
Razavi Khorasan,خراسان رضوی,Salehabad,صالح آباد
Razavi Khorasan,خراسان رضوی,Sangan,سنگان
Razavi Khorasan,خراسان رضوی,Sarakhs,سرخس
Razavi Khorasan,خراسان رضوی,Sefidsang,سفيدسنگ
Razavi Khorasan,خراسان رضوی,Shadmehr,شادمهر
Razavi Khorasan,خراسان رضوی,Shahrabad,شهراباد
Razavi Khorasan,خراسان رضوی,Shahr-e Zow,شهرزو
Razavi Khorasan,خراسان رضوی,Shandiz,شانديز
Razavi Khorasan,خراسان رضوی,Sheshtomad,ششتمد
Razavi Khorasan,خراسان رضوی,Soltanabad,سلطان آباد
Razavi Khorasan,خراسان رضوی,Taybad,تايباد
Razavi Khorasan,خراسان رضوی,Torbat-e Heydariyeh,تربت حيدريه
Razavi Khorasan,خراسان رضوی,Torbat-e Jam,تربت جام
Razavi Khorasan,خراسان رضوی,Torqabeh,طرقبه
Razavi Khorasan,خراسان رضوی,Yunesi,يونسي
North Khorasan,خراسان شمالی,Ashkhaneh,آشخانه
North Khorasan,خراسان شمالی,Bojnurd,بجنورد
North Khorasan,خراسان شمالی,Daraq,درق
North Khorasan,خراسان شمالی,Esfarayen,اسفراين
North Khorasan,خراسان شمالی,Faruj,فاروج
North Khorasan,خراسان شمالی,Garmeh,گرمه
North Khorasan,خراسان شمالی,Hesar-e Garmkhan,حصارگرمخان
North Khorasan,خراسان شمالی,Ivar,ايور
North Khorasan,خراسان شمالی,Jajarm,جاجرم
North Khorasan,خراسان شمالی,Lujali,لوجلي
North Khorasan,خراسان شمالی,Pish Qaleh,پيش قلعه
North Khorasan,خراسان شمالی,Qazi,قاضي
North Khorasan,خراسان شمالی,Raz,راز
North Khorasan,خراسان شمالی,Safiabad,صفي آباد
North Khorasan,خراسان شمالی,Sankhvast,سنخواست
North Khorasan,خراسان شمالی,Shirvan,شيروان
North Khorasan,خراسان شمالی,Showqan,شوقان
North Khorasan,خراسان شمالی,Titkanlu,تيتكانلو
Khuzestan,خوزستان,Abadan,آبادان
Khuzestan,خوزستان,Aghajari,آغاجارئ
Khuzestan,خوزستان,Ahvaz,اهواز
Khuzestan,خوزستان,Alvan,الوان
Khuzestan,خوزستان,Andimeshk,انديمشك
Khuzestan,خوزستان,Arvandkenar,اروندكنار
Khuzestan,خوزستان,Bagh-e Malek,باغ ملك
Khuzestan,خوزستان,Bandar-e Emam Khomeyni,بندر امام خمینی
Khuzestan,خوزستان,Bandar-e Mahshahr,بندرماهشهر
Khuzestan,خوزستان,Behbahan,بهبهان
Khuzestan,خوزستان,Bostan,بستان
Khuzestan,خوزستان,Chamran,چمران
Khuzestan,خوزستان,Choghamish,چغاميش
Khuzestan,خوزستان,Chuyabdeh,چويبده
Khuzestan,خوزستان,Darkhoveyn,دارخوين
Khuzestan,خوزستان,Dehdez,دهدز
Khuzestan,خوزستان,Dezab,دزآب
Khuzestan,خوزستان,Dezful,دزفول
Khuzestan,خوزستان,Gotvand,گتوند
Khuzestan,خوزستان,Guriyeh,گوريه
Khuzestan,خوزستان,Haftkel,هفتگل
Khuzestan,خوزستان,Hamidiyeh,حميديه
Khuzestan,خوزستان,Hamzeh,حمزه
Khuzestan,خوزستان,Hendijan,هنديجان
Khuzestan,خوزستان,Horr,حر
Khuzestan,خوزستان,Hoseyniyeh,حسينيه
Khuzestan,خوزستان,Hoveyzeh,هويزه
Khuzestan,خوزستان,Izeh,ايذه
Khuzestan,خوزستان,Jannat Makan,جنت مكان
Khuzestan,خوزستان,Jayezan,جايزان
Khuzestan,خوزستان,Khorramshahr,خرمشهر
Khuzestan,خوزستان,Lali,لالي
Khuzestan,خوزستان,Masjed-e Soleyman,مسجدسليمان
Khuzestan,خوزستان,Meydavud,ميداود
Khuzestan,خوزستان,Mianrud,ميانرود
Khuzestan,خوزستان,Minushahr,مينوشهر
Khuzestan,خوزستان,Mollasani,ملاثاني
Khuzestan,خوزستان,Moshrageh,مشراگه
Khuzestan,خوزستان,Omidiyeh,اميديه
Khuzestan,خوزستان,Qaleh-ye Khvajeh,قلعه خواجه
Khuzestan,خوزستان,Qaleh Tall,قلعه تل
Khuzestan,خوزستان,Rafi,رفيع
Khuzestan,خوزستان,Ramhormoz,رامهرمز
Khuzestan,خوزستان,Ramshir,رامشير
Khuzestan,خوزستان,Safiabad,صفي آباد
Khuzestan,خوزستان,Saland,سالند
Khuzestan,خوزستان,Saleh Moshatat,صالح مشطت
Khuzestan,خوزستان,Saleh Shahr,صالح شهر
Khuzestan,خوزستان,Sardasht,سردشت
Khuzestan,خوزستان,Seydun,صيدون
Khuzestan,خوزستان,Shadegan,شادگان
Khuzestan,خوزستان,Sharafat,شرافت
Khuzestan,خوزستان,Shavur,شاوور
Khuzestan,خوزستان,Sheybani,شيبان
Khuzestan,خوزستان,Shush,شوش
Khuzestan,خوزستان,Shushtar,شوشتر
Khuzestan,خوزستان,Somaleh,سماله
Khuzestan,خوزستان,Susangerd,سوسنگرد
Khuzestan,خوزستان,Torkalaki,تركالكي
Khuzestan,خوزستان,Veys,ويس
Khuzestan,خوزستان,Zahreh,زهره
Kohgiluyeh and Boyer-Ahmad,کهکیلویه و بویراحمد,Basht,باشت
Kohgiluyeh and Boyer-Ahmad,کهکیلویه و بویراحمد,Charam,چرام
Kohgiluyeh and Boyer-Ahmad,کهکیلویه و بویراحمد,Chitab,چيتاب
Kohgiluyeh and Boyer-Ahmad,کهکیلویه و بویراحمد,Dehdasht,دهدشت
Kohgiluyeh and Boyer-Ahmad,کهکیلویه و بویراحمد,Dishmok,ديشموك
Kohgiluyeh and Boyer-Ahmad,کهکیلویه و بویراحمد,Dogonbadan,دوگنبدان
Kohgiluyeh and Boyer-Ahmad,کهکیلویه و بویراحمد,Garab-e Sofla,گراب سفلي
Kohgiluyeh and Boyer-Ahmad,کهکیلویه و بویراحمد,Landeh,لنده
Kohgiluyeh and Boyer-Ahmad,کهکیلویه و بویراحمد,Likak,ليكك
Kohgiluyeh and Boyer-Ahmad,کهکیلویه و بویراحمد,Madavan,مادوان
Kohgiluyeh and Boyer-Ahmad,کهکیلویه و بویراحمد,Margown,مارگون
Kohgiluyeh and Boyer-Ahmad,کهکیلویه و بویراحمد,Pataveh,پاتاوه
Kohgiluyeh and Boyer-Ahmad,کهکیلویه و بویراحمد,Qaleh Raisi,قلعه رئيسي
Kohgiluyeh and Boyer-Ahmad,کهکیلویه و بویراحمد,Sisakht,سي سخت
Kohgiluyeh and Boyer-Ahmad,کهکیلویه و بویراحمد,Suq,سوق
Kohgiluyeh and Boyer-Ahmad,کهکیلویه و بویراحمد,Yasuj,ياسوج
Kurdistan,کردستان,Armardeh,آرمرده
Kurdistan,کردستان,Babarashani,بابارشاني
Kurdistan,کردستان,Baneh,بانه
Kurdistan,کردستان,Bijar,بيجار
Kurdistan,کردستان,Bolbanabad,بلبان آباد
Kurdistan,کردستان,Buin-e Sofla,بوئين سفلي
Kurdistan,کردستان,Chenareh,چناره
Kurdistan,کردستان,Dehgolan,دهگلان
Kurdistan,کردستان,Delbaran,دلبران
Kurdistan,کردستان,Dezej,دزج
Kurdistan,کردستان,Divandarreh,ديواندره
Kurdistan,کردستان,Kamyaran,كامياران
Kurdistan,کردستان,Kani Dinar,كاني دينار
Kurdistan,کردستان,Kani Sur,كاني سور
Kurdistan,کردستان,Marivan,مريوان
Kurdistan,کردستان,Muchesh,موچش
Kurdistan,کردستان,Qorveh,قروه
Kurdistan,کردستان,Saheb,صاحب
Kurdistan,کردستان,Sanandaj,سنندج
Kurdistan,کردستان,Saqqez,سقز
Kurdistan,کردستان,Sarvabad,سروآباد
Kurdistan,کردستان,Serishabad,سريش آباد
Kurdistan,کردستان,Shuyesheh,شويشه
Kurdistan,کردستان,Yasukand,ياسوكند
Kurdistan,کردستان,Zarrineh,زرينه
Lorestan,لرستان,Aleshtar,الشتر
Lorestan,لرستان,Aligudarz,اليگودرز
Lorestan,لرستان,Azna,ازنا
Lorestan,لرستان,Borujerd,بروجرد
Lorestan,لرستان,"Chaghalvandi, Bayranshahr",چغلوندئ
Lorestan,لرستان,Chalanchulan,چالانچولان
Lorestan,لرستان,Chaqabol,چقابل
Lorestan,لرستان,Darb-e Gonbad,درب گنبد
Lorestan,لرستان,Dorud,دورود
Lorestan,لرستان,Firuzabad,فيروزآباد
Lorestan,لرستان,Garab,گراب
Lorestan,لرستان,Haft Cheshmeh,هفت چشمه
Lorestan,لرستان,Khorramabad,خرم آباد
Lorestan,لرستان,Kuhdasht,كوهدشت
Lorestan,لرستان,Kunani,كوناني
Lorestan,لرستان,Mamulan,معمولان
Lorestan,لرستان,Momenabad,مومن آباد
Lorestan,لرستان,Nurabad,نورآباد
Lorestan,لرستان,Oshtorinan,اشترينان
Lorestan,لرستان,Pol-e Dokhtar,پلدختر
Lorestan,لرستان,Sarab-e Dowreh,سراب دوره
Lorestan,لرستان,Sepiddasht,سپيددشت
Lorestan,لرستان,Shulabad,شول آباد
Lorestan,لرستان,"Veysian, Mahmoudvand",ويسيان
Lorestan,لرستان,Zagheh,زاغه
Markazi,مرکزی,Arak,اراک
Markazi,مرکزی,Ashtian,آشتيان
Markazi,مرکزی,Astaneh,آستانه
Markazi,مرکزی,Davudabad,داودآباد
Markazi,مرکزی,Delijan,دليجان
Markazi,مرکزی,Farmahin,فرمهين
Markazi,مرکزی,Gharqabad,غرق آباد
Markazi,مرکزی,Hendudar,هندودر
Markazi,مرکزی,Javersiyan,جاورسيان
Markazi,مرکزی,Karahrud,كرهرود
Markazi,مرکزی,Karchan,كارچان
Markazi,مرکزی,Khomeyn,خمين
Markazi,مرکزی,Khondab,خنداب
Markazi,مرکزی,Khoshkrud,خشكرود
Markazi,مرکزی,Komijan,كميجان
Markazi,مرکزی,Mahajeran,مهاجران
Markazi,مرکزی,Mahallat,محلات
Markazi,مرکزی,Mamuniyeh,مامونيه
Markazi,مرکزی,Milajerd,ميلاجرد
Markazi,مرکزی,Naraq,نراق
Markazi,مرکزی,Nimvar,نيمور
Markazi,مرکزی,Nowbaran,نوبران
Markazi,مرکزی,Parandak,پرندك
Markazi,مرکزی,Qurchi Bashi,قورچي باشي
Markazi,مرکزی,"Razqan, Razeghi",رازقان
Markazi,مرکزی,Saruq,ساروق
Markazi,مرکزی,Saveh,ساوه
Markazi,مرکزی,Senjan,سنجان
Markazi,مرکزی,Shazand,شازند
Markazi,مرکزی,Tafresh,تفرش
Markazi,مرکزی,Tureh,توره
Markazi,مرکزی,Zaviyeh,زاويه
Mazandaran,مازندران,Abbasabad,عباس اباد
Mazandaran,مازندران,Alasht,آلاشت
Mazandaran,مازندران,Amirkola,اميركلا
Mazandaran,مازندران,Amol,آمل
Mazandaran,مازندران,Babol,بابل
Mazandaran,مازندران,Babolsar,بابلسر
Mazandaran,مازندران,Bahnemir,بهنمير
Mazandaran,مازندران,Baladeh,بلده
Mazandaran,مازندران,Behshahr,بهشهر
Mazandaran,مازندران,Chalus,چالوس
Mazandaran,مازندران,Chamestan,چمستان
Mazandaran,مازندران,Dabudasht,دابودشت
Mazandaran,مازندران,Farim,فريم
Mazandaran,مازندران,Fereydunkenar,فريدونكنار
Mazandaran,مازندران,Galugah,گلوگاه
Mazandaran,مازندران,Gatab,گتاب
Mazandaran,مازندران,Gazanak,گزنك
Mazandaran,مازندران,Izadshahr,ايزدشهر
Mazandaran,مازندران,Juybar,جويبار
Mazandaran,مازندران,Kalleh Bast,كله بست
Mazandaran,مازندران,Kelarabad,كلارآباد
Mazandaran,مازندران,Sadat Shahr,كلاردشت
Mazandaran,مازندران,Ketalem & Sadat Shahr,كتالم وسادات شهر
Mazandaran,مازندران,Khalīl Shahr [Khalil Shahr],خليل شهر
Mazandaran,مازندران,Khorramābād [Khorramabad],خرم آباد
Mazandaran,مازندران,Khūsh Rūdpey [Khush Rudpey],خوش رودپي
Mazandaran,مازندران,Kiakola,كياكلا
Mazandaran,مازندران,Kiasar,كياسر
Mazandaran,مازندران,Kuhi Kheyl,كوهي خيل
Mazandaran,مازندران,Mahmudabad,محمودآباد
Mazandaran,مازندران,Marzanabad,مرزن آباد
Mazandaran,مازندران,Marzikola,مرزيكلا
Mazandaran,مازندران,Nashtarud,نشتارود
Mazandaran,مازندران,Neka,نكا
Mazandaran,مازندران,Nowshahr,نوشهر
Mazandaran,مازندران,Nur,نور
Mazandaran,مازندران,Pol-e Sefid,پل سفيد
Mazandaran,مازندران,Pul,پول
Mazandaran,مازندران,Qaem Shahr,قائم شهر
Mazandaran,مازندران,Ramsar,رامسر
Mazandaran,مازندران,Rineh,رينه
Mazandaran,مازندران,Rostamkola,رستمكلا
Mazandaran,مازندران,Royan,رويان
Mazandaran,مازندران,Salman Shahr,سلمان شهر
Mazandaran,مازندران,Sari,ساری
Mazandaran,مازندران,Shirgah,شيرگاه
Mazandaran,مازندران,Shirud,شيرود
Mazandaran,مازندران,Sorkhrud,سرخرود
Mazandaran,مازندران,Surak,سورك
Mazandaran,مازندران,Tonekabon,تنكابن
Mazandaran,مازندران,Zargarmahalleh,زرگرمحله
Mazandaran,مازندران,Zirab,زيرآب
Qazvin,قزوين,Abgarm,آبگرم
Qazvin,قزوين,Abyek,آبيك
Qazvin,قزوين,Alvand,الوند
Qazvin,قزوين,Ardak,ارداق
Qazvin,قزوين,Avaj,آوج
Qazvin,قزوين,Bidestan,بيدستان
Qazvin,قزوين,Buin Zahra,بوئين زهرا
Qazvin,قزوين,Danesfahan,دانسفهان
Qazvin,قزوين,Eqbaliyeh,اقباليه
Qazvin,قزوين,Esfarvarin,اسفرورين
Qazvin,قزوين,Khak-e Ali,خاكعلي
Qazvin,قزوين,Khorramdasht,خرمدشت
Qazvin,قزوين,Kuhin,كوهين
Qazvin,قزوين,Mahmudabad-e Nemuneh,محمودآبادنمونه
Qazvin,قزوين,Moallem Kalayeh,معلم كلايه
Qazvin,قزوين,Mohammadiyeh,محمديه
Qazvin,قزوين,Narjeh,نرجه
Qazvin,قزوين,Qazvin,قزوین
Qazvin,قزوين,Razmian,رازميان
Qazvin,قزوين,Sagezabad,سگزآباد
Qazvin,قزوين,Shal,شال
Qazvin,قزوين,Sharifiyeh,شريفيه
Qazvin,قزوين,Sirdan,سيردان
Qazvin,قزوين,Takestan,تاكستان
Qazvin,قزوين,Ziaabad,ضياڈآباد
Qom,قم,Dastjerd,دستجرد
Qom,قم,Jafariyeh,جعفريه
Qom,قم,Kahak,كهك
Qom,قم,Qanavat,قنوات
Qom,قم,Qom,قم
Qom,قم,Salafchegan,سلفچگان
Semnan,سمنان,Amiriyeh,اميريه
Semnan,سمنان,Aradan,آرادان
Semnan,سمنان,Bastam,بسطام
Semnan,سمنان,Beyarjomand,بيارجمند
Semnan,سمنان,Damghan,دامغان
Semnan,سمنان,Darjazin,درجزين
Semnan,سمنان,Dibaj,ديباج
Semnan,سمنان,Eyvanki,ايوانكي
Semnan,سمنان,Garmsar,گرمسار
Semnan,سمنان,Kalateh-ye Khij,كلاته خيج
Semnan,سمنان,Mehdishahr,مهدی‌شهر
Semnan,سمنان,Meyami,ميامي
Semnan,سمنان,Mojen,مجن
Semnan,سمنان,Semnan,سمنان
Semnan,سمنان,Shahmirzad,شهميرزاد
Semnan,سمنان,Shahrud,شاهرود
Semnan,سمنان,Sorkheh,سرخه
Sistan and Baluchestan,سیستان و بلوچستان,Adimi,اديمي
Sistan and Baluchestan,سیستان و بلوچستان,Ali Akbar,علي اكبر
Sistan and Baluchestan,سیستان و بلوچستان,Bampur,بمپور
Sistan and Baluchestan,سیستان و بلوچستان,Bazman,بزمان
Sistan and Baluchestan,سیستان و بلوچستان,Bent,بنت
Sistan and Baluchestan,سیستان و بلوچستان,Bonjar,بنجار
Sistan and Baluchestan,سیستان و بلوچستان,Chah Bahar,چاه بهار
Sistan and Baluchestan,سیستان و بلوچستان,Dust Mohammad,دوست محمد
Sistan and Baluchestan,سیستان و بلوچستان,Espakeh,اسپكه
Sistan and Baluchestan,سیستان و بلوچستان,Fanuj,فنوج
Sistan and Baluchestan,سیستان و بلوچستان,Galmorti,گلمورتي
Sistan and Baluchestan,سیستان و بلوچستان,Gasht,گشت
Sistan and Baluchestan,سیستان و بلوچستان,Hiduj,هيدوچ
Sistan and Baluchestan,سیستان و بلوچستان,Iranshahr,ايرانشهر
Sistan and Baluchestan,سیستان و بلوچستان,Jaleq,جالق
Sistan and Baluchestan,سیستان و بلوچستان,Konarak,خاش
Sistan and Baluchestan,سیستان و بلوچستان,Konarak,كنارك
Sistan and Baluchestan,سیستان و بلوچستان,Mirjaveh,ميرجاوه
Sistan and Baluchestan,سیستان و بلوچستان,Mohamadan,محمدان
Sistan and Baluchestan,سیستان و بلوچستان,Mohammadabad,محمدآباد
Sistan and Baluchestan,سیستان و بلوچستان,Mohammadi,محمدي
Sistan and Baluchestan,سیستان و بلوچستان,Negur,نگور
Sistan and Baluchestan,سیستان و بلوچستان,Nik Shahr,نيك شهر
Sistan and Baluchestan,سیستان و بلوچستان,Nosratabad,نصرت آباد
Sistan and Baluchestan,سیستان و بلوچستان,Nukabad,نوك آباد
Sistan and Baluchestan,سیستان و بلوچستان,Pishin,پيشين
Sistan and Baluchestan,سیستان و بلوچستان,Qasr-e Qand,قصرقند
Sistan and Baluchestan,سیستان و بلوچستان,Rasak,راسك
Sistan and Baluchestan,سیستان و بلوچستان,Saravan,سراوان
Sistan and Baluchestan,سیستان و بلوچستان,Sarbaz,سرباز
Sistan and Baluchestan,سیستان و بلوچستان,Sirkan,سيركان
Sistan and Baluchestan,سیستان و بلوچستان,Suran,سوران
Sistan and Baluchestan,سیستان و بلوچستان,Zabol,زابل
Sistan and Baluchestan,سیستان و بلوچستان,Zaboli,زابلي
Sistan and Baluchestan,سیستان و بلوچستان,Zahedan,زاهدان
Sistan and Baluchestan,سیستان و بلوچستان,Zarabad,زرآباد
Sistan and Baluchestan,سیستان و بلوچستان,Zehak,زهك
Tehran,تهران,Abali,آبعلي
Tehran,تهران,Absard,آبسرد
Tehran,تهران,Andisheh,انديشه
Tehran,تهران,Arjomand,ارجمند
Tehran,تهران,Baghestan,باغستان
Tehran,تهران,Baqershahr,باقرشهر
Tehran,تهران,Bumahen,بومهن
Tehran,تهران,Chahardangeh,چهاردانگه
Tehran,تهران,Damavand,دماوند
Tehran,تهران,Eslamshahr,اسلام‌شهر
Tehran,تهران,Fesham,فشم
Tehran,تهران,Ferdowsieh,فردوسيه
Tehran,تهران,Ferunabad,فرون اباد
Tehran,تهران,Firuzkuh,فيروزكوه
Tehran,تهران,Golestan,گلستان
Tehran,تهران,Hasanabad,حسن آباد
Tehran,تهران,Javadabad,جوادآباد
Tehran,تهران,Kahrizak,كهريزك
Tehran,تهران,Kilan,كيلان
Tehran,تهران,Lavasan,لواسان
Tehran,تهران,Malard,ملارد
Tehran,تهران,Nasim Shahr,نسيم شهر
Tehran,تهران,Nasirabad,نصيرآباد
Tehran,تهران,Pakdasht,پاكدشت
Tehran,تهران,Pardis,پرديس
Tehran,تهران,Pishva,پيشوا
Tehran,تهران,Qarchak,قرچك
Tehran,تهران,Qods,قدس
Tehran,تهران,Robatkarim,رباطكريم
Tehran,تهران,Rudehen,رودهن
Tehran,تهران,Sabashahr,صباشهر
Tehran,تهران,Safadasht,صفادشت
Tehran,تهران,Salehabad,صالح آباد
Tehran,تهران,Shahedshahr,شاهدشهر
Tehran,تهران,Shahriar,شهریار
Tehran,تهران,Sharifabad,شريف آباد
Tehran,تهران,Tehran,تهران
Tehran,تهران,Vahidieh,وحيديه
Tehran,تهران,Varamin,ورامين
Yazd,یزد,Abarkuh,ابركوه
Yazd,یزد,Ahmadabad,احمدآباد
Yazd,یزد,Aqda,عقدا
Yazd,یزد,Ardakan,اردكان
Yazd,یزد,Ashkezar,اشكذر
Yazd,یزد,Bafq,بافق
Yazd,یزد,Bafruiyeh,بفروئيه
Yazd,یزد,Behabad,بهاباد
Yazd,یزد,Hamidiya,حميديا
Yazd,یزد,Herat,هرات
Yazd,یزد,Khezrabad,خضرآباد
Yazd,یزد,Marvast,مروست
Yazd,یزد,Mehrdasht,مهردشت
Yazd,یزد,Mehriz,مهريز
Yazd,یزد,Meybod,ميبد
Yazd,یزد,Nadushan,ندوشن
Yazd,یزد,Nir,نير
Yazd,یزد,Shahediyeh,شاهديه
Yazd,یزد,Taft,تفت
Yazd,یزد,Yazd,یزد
Yazd,یزد,Zarach,زارچ
Zanjan,زنجان,Āb Bar [Ab Bar],آب بر
Zanjan,زنجان,Abhar,ابهر
Zanjan,زنجان,Armaghankhaneh,ارمغانخانه
Zanjan,زنجان,Chavarzaq,چورزق
Zanjan,زنجان,Dandi,دندئ
Zanjan,زنجان,Garmab,گرماب
Zanjan,زنجان,Halab,حلب
Zanjan,زنجان,Hidaj,هيدج
Zanjan,زنجان,Khorramdarreh,خرمدره
Zanjan,زنجان,Mah Neshan,ماه نشان
Zanjan,زنجان,Qeydar,قيدار
Zanjan,زنجان,Sain Qaleh,صائين قلعه
Zanjan,زنجان,Sohrevard,سهرورد
Zanjan,زنجان,Sojas,سجاس
Zanjan,زنجان,Soltaniyeh,سلطانيه
Zanjan,زنجان,Zanjan,زنجان
Zanjan,زنجان,Zarrinabad,زرين آباد
Zanjan,زنجان,Zarrin Rud,زرين رود
